817317597,Test
295007320,Reference
110832709,Reference
734704482,Reference
734704488,Reference
Node208,Test
602719153,Reference
Node201,Reference
Node205,Test
Node204,Test
594657847,Reference
625289930,Test
12054987,Unclassified
699660929,Reference
54311338,Unclassified
852759624,Unclassified
675421290,Reference
85720641,Test
Node339,Reference
Node335,Reference
655819600,Unclassified
Node337,Reference
Node336,Reference
Node333,Reference
Node332,Reference
Node114,Test
Node116,Test
Node111,Test
Node113,Test
Node119,Test
470597006,Reference
45382143,Reference
Node299,Reference
562835163,Unclassified
183985969,Unclassified
Node295,Reference
Node292,Reference
Node293,Reference
Node26,Unclassified
Node27,Unclassified
Node21,Reference
Node22,Unclassified
Node23,Unclassified
395539363,Test
301755248,Reference
558123362,Test
612053414,Test
98956513,Unclassified
98956515,Test
59895724,Test
59895726,Test
743705125,Reference
585696530,Test
697870545,Reference
723552850,Reference
194400541,Test
507555013,Test
759111738,Test
14192790,Test
634888841,Unclassified
543380551,Reference
284813829,Test
701322822,Reference
664699950,Reference
532046007,Test
Node399,Reference
Node392,Reference
Node391,Reference
Node397,Reference
Node394,Reference
591386123,Unclassified
Node367,Reference
Node364,Reference
Node362,Reference
Node248,Reference
Node244,Test
Node247,Reference
Node241,Reference
Node242,Test
Node88,Test
640810396,Test
Node82,Test
Node80,Test
Node87,Reference
Node85,Reference
Node148,Reference
Node206,Test
Node142,Unclassified
Node77,Test
Node76,Test
Node73,Test
Node71,Test
884527918,Unclassified
744551514,Reference
Node192,Reference
884527916,Unclassified
884527914,Unclassified
Node379,Reference
62275609,Reference
2894432,Reference
332224382,Reference
831225769,Test
504165095,Unclassified
617617805,Unclassified
586551086,Test
297681450,Reference
826351608,Reference
635116136,Reference
38231558,Unclassified
426357812,Reference
30408062,Reference
30408060,Reference
37194856,Test
30408064,Reference
697033715,Reference
Node359,Reference
Node357,Reference
Node355,Reference
Node352,Reference
410952805,Reference
73666470,Unclassified
594102812,Reference
Node329,Reference
Node323,Reference
Node321,Reference
Node327,Reference
Node324,Reference
Node325,Reference
Node103,Test
Node101,Test
Node106,Test
Node105,Test
591302466,Reference
Node109,Test
115529268,Reference
51101223,Unclassified
Node38,Unclassified
880974618,Test
Node31,Unclassified
Node30,Unclassified
Node37,Unclassified
Node35,Unclassified
Node34,Unclassified
Node217,Test
Node215,Test
Node212,Test
Node198,Reference
Node211,Test
Node196,Reference
Node191,Reference
Node193,Reference
Node219,Test
213579634,Test
Node177,Reference
Node175,Reference
Node173,Reference
Node172,Reference
803253841,Reference
554548891,Test
Node145,Unclassified
507931660,Test
Node49,Unclassified
Node47,Unclassified
Node44,Unclassified
Node42,Unclassified
Node40,Unclassified
568939379,Test
52221229,Test
240254688,Unclassified
584053674,Test
240254682,Unclassified
734704476,Reference
734704474,Reference
734704478,Reference
742236428,Reference
Node297,Reference
698413180,Reference
284813839,Test
284813833,Test
284813831,Test
86211177,Test
149706207,Reference
38231560,Test
296142094,Reference
296142096,Reference
296142092,Reference
86211179,Test
17974228,Unclassified
73975826,Reference
555986909,Reference
Node227,Test
Node225,Test
664699948,Reference
Node222,Test
Node221,Test
Node388,Reference
884527912,Unclassified
Node380,Reference
Node382,Reference
Node384,Reference
795402852,Reference
829888493,Test
83630405,Unclassified
Node313,Reference
Node258,Reference
Node259,Reference
Node316,Reference
Node315,Reference
Node252,Reference
Node250,Reference
Node318,Reference
Node257,Reference
Node255,Reference
Node98,Test
560917086,Reference
Node91,Test
Node90,Test
Node92,Test
Node94,Test
Node96,Test
Node139,Unclassified
Node138,Unclassified
Node132,Unclassified
Node137,Unclassified
Node136,Reference
Node135,Reference
884527908,Unclassified
884527906,Unclassified
Node9,Unclassified
Node8,Unclassified
Node3,Reference
Node5,Reference
Node4,Reference
Node7,Reference
327288995,Unclassified
533178379,Test
296142098,Reference
884527910,Unclassified
12667704,Unclassified
734704506,Reference
734704502,Reference
47522990,Reference
734704500,Reference
696987556,Reference
734704508,Reference
30408058,Reference
30408056,Reference
30408054,Reference
30408052,Reference
Node348,Reference
Node349,Reference
548463879,Reference
Node345,Reference
Node341,Reference
669286296,Reference
Node343,Reference
284813847,Test
471399281,Unclassified
284813843,Test
284813841,Test
402864747,Reference
671026532,Reference
57114123,Reference
667308135,Unclassified
602672386,Unclassified
Node263,Reference
Node262,Reference
Node188,Reference
Node267,Reference
466021507,Reference
296210687,Reference
Node183,Reference
Node180,Reference
Node181,Reference
Node187,Reference
701343627,Reference
Node165,Reference
Node167,Reference
Node162,Reference
Node163,Reference
525028303,Reference
589933402,Test
Node169,Reference
52857761,Test
Node59,Unclassified
Node55,Unclassified
Node57,Unclassified
Node50,Unclassified
Node52,Unclassified
694850140,Reference
734704468,Reference
109068106,Reference
700438741,Unclassified
734704466,Reference
700375237,Reference
641724698,Test
795228246,Reference
795152647,Reference
Node129,Unclassified
768405188,Reference
734704494,Reference
734704496,Reference
734704490,Reference
530573866,Unclassified
727000194,Reference
685533192,Reference
Node238,Test
541992323,Reference
Node235,Test
Node230,Test
Node231,Test
Node233,Test
542185675,Reference
704335932,Reference
478488770,Reference
704289124,Reference
795323436,Reference
532067275,Unclassified
568939385,Test
254838572,Test
Node302,Reference
Node303,Reference
Node304,Reference
Node307,Reference
Node309,Reference
403256847,Reference
Node128,Unclassified
Node280,Reference
Node282,Reference
Node284,Reference
Node287,Reference
Node289,Reference
Node122,Unclassified
734704498,Reference
Node124,Unclassified
Node125,Unclassified
Node12,Unclassified
Node14,Unclassified
512989065,Test
Node16,Unclassified
Node18,Unclassified
729741604,Reference
4027889,Unclassified
556772617,Reference
62275622,Reference
154813845,Reference
545687090,Reference
511834482,Reference
593762353,Reference
289629292,Test
98956505,Test
25742620,Test
529449849,Reference
570517896,Reference
674074617,Test
505801345,Test
Node378,Reference
8671490,Unclassified
Node371,Reference
Node373,Reference
Node375,Reference
Node369,Reference
7981414,Reference
884527926,Unclassified
884527924,Unclassified
884527922,Unclassified
Node265,Reference
884527920,Unclassified
155008488,Unclassified
884527928,Unclassified
543297617,Reference
472356891,Reference
731236363,Test
Node268,Reference
586461042,Unclassified
Node270,Reference
Node273,Reference
Node275,Reference
Node278,Reference
507693866,Test
686608688,Reference
Node151,Reference
Node150,Reference
Node153,Reference
Node152,Reference
Node155,Reference
Node157,Reference
Node159,Reference
560959760,Reference
Node401,Reference
Node311,Reference
Node68,Test
Node69,Test
1905885,Reference
Node63,Reference
Node64,Test
Node65,Test
724899480,Reference
6687226,Unclassified
31322956,Test
5565637,Unclassified
677991594,Reference
507667492,Unclassified
